{
  "waypoint_0_to_1": {
    "waypoints_count": 28,
    "x": [
      -10307.844663067097,
      -10307.944750018944,
      -10308.044836970792,
      -10308.144923922637,
      -10308.245010874483,
      -10308.345097826334,
      -10308.445184778178,
      -10308.545271730025,
      -10308.645358681873,
      -10308.74544563372,
      -10308.845532585567,
      -10308.945619537413,
      -10309.045706489262,
      -10309.145793441108,
      -10309.245880392955,
      -10309.345967344801,
      -10309.446054296648,
      -10309.546141248496,
      -10309.646228200343,
      -10309.74631515219,
      -10309.846402104036,
      -10309.946489055885,
      -10310.046576007731,
      -10310.146662959578,
      -10310.246749911426,
      -10310.346836863271,
      -10310.446923815118,
      -10310.547010766966
    ],
    "y": [
      -5760.909501744116,
      -5760.897495872471,
      -5760.885490000827,
      -5760.873484129182,
      -5760.861478257538,
      -5760.849472385893,
      -5760.837466514249,
      -5760.8254606426035,
      -5760.81345477096,
      -5760.801448899315,
      -5760.78944302767,
      -5760.777437156025,
      -5760.765431284381,
      -5760.753425412737,
      -5760.741419541092,
      -5760.729413669447,
      -5760.717407797803,
      -5760.705401926159,
      -5760.693396054514,
      -5760.68139018287,
      -5760.669384311224,
      -5760.6573784395805,
      -5760.645372567935,
      -5760.633366696291,
      -5760.621360824646,
      -5760.6093549530015,
      -5760.597349081358,
      -5760.585343209713
    ],
    "heading": [
      -3.107050895194095,
      -3.1066386070350913,
      -3.106226318876088,
      -3.1058140307170845,
      -3.1054017425580813,
      -3.1049894543990777,
      -3.104577166240074,
      -3.104164878081071,
      -3.1037525899220673,
      -3.103340301763064,
      -3.1029280136040605,
      -3.102515725445057,
      -3.1021034372860536,
      -3.10169114912705,
      -3.101278860968047,
      -3.100866572809043,
      -3.10045428465004,
      -3.1000419964910364,
      -3.0996297083320328,
      -3.0992174201730296,
      -3.098805132014026,
      -3.098392843855023,
      -3.097980555696019,
      -3.0975682675370155,
      -3.0971559793780123,
      -3.0967436912190087,
      -3.0963314030600055,
      -3.095919114901002
    ]
  }
}
