{
  "waypoint_0_to_1": {
    "waypoints_count": 22,
    "x": [
      -10308.363689113492,
      -10308.467656811277,
      -10308.571624509063,
      -10308.675592206846,
      -10308.77955990463,
      -10308.883527602415,
      -10308.9874953002,
      -10309.091462997983,
      -10309.195430695767,
      -10309.299398393552,
      -10309.403366091337,
      -10309.507333789123,
      -10309.611301486906,
      -10309.71526918469,
      -10309.819236882475,
      -10309.92320458026,
      -10310.027172278044,
      -10310.131139975829,
      -10310.235107673612,
      -10310.339075371397,
      -10310.443043069183,
      -10310.547010766966
    ],
    "y": [
      -5760.827291452336,
      -5760.815770107449,
      -5760.804248762562,
      -5760.792727417676,
      -5760.781206072788,
      -5760.769684727901,
      -5760.758163383014,
      -5760.746642038129,
      -5760.735120693242,
      -5760.723599348354,
      -5760.7120780034675,
      -5760.700556658581,
      -5760.689035313694,
      -5760.677513968807,
      -5760.665992623921,
      -5760.654471279033,
      -5760.6429499341475,
      -5760.63142858926,
      -5760.619907244373,
      -5760.608385899486,
      -5760.5968645546,
      -5760.585343209713
    ],
    "heading": [
      -2.9708267600119265,
      -2.9767835388161683,
      -2.9827403176204097,
      -2.9886970964246515,
      -2.9946538752288934,
      -3.0006106540331348,
      -3.0065674328373766,
      -3.0125242116416184,
      -3.01848099044586,
      -3.0244377692501017,
      -3.0303945480543435,
      -3.036351326858585,
      -3.0423081056628267,
      -3.0482648844670686,
      -3.05422166327131,
      -3.060178442075552,
      -3.0661352208797936,
      -3.072091999684035,
      -3.078048778488277,
      -3.0840055572925187,
      -3.08996233609676,
      -3.095919114901002
    ]
  },
  "waypoint_1_to_2": {
    "waypoints_count": 60,
    "x": [
      -10310.543227660151,
      -10310.644018666155,
      -10310.744809672156,
      -10310.84560067816,
      -10310.946391684163,
      -10311.047182690165,
      -10311.147973696168,
      -10311.24876470217,
      -10311.349555708173,
      -10311.450346714177,
      -10311.551137720178,
      -10311.651928726182,
      -10311.752719732183,
      -10311.853510738187,
      -10311.95430174419,
      -10312.055092750192,
      -10312.155883756195,
      -10312.256674762197,
      -10312.3574657682,
      -10312.458256774202,
      -10312.559047780205,
      -10312.659838786209,
      -10312.76062979221,
      -10312.861420798214,
      -10312.962211804217,
      -10313.063002810219,
      -10313.163793816224,
      -10313.264584822224,
      -10313.365375828227,
      -10313.46616683423,
      -10313.566957840234,
      -10313.667748846236,
      -10313.768539852237,
      -10313.86933085824,
      -10313.970121864244,
      -10314.070912870247,
      -10314.171703876249,
      -10314.27249488225,
      -10314.373285888254,
      -10314.474076894257,
      -10314.574867900259,
      -10314.675658906262,
      -10314.776449912264,
      -10314.877240918267,
      -10314.97803192427,
      -10315.078822930274,
      -10315.179613936276,
      -10315.28040494228,
      -10315.381195948281,
      -10315.481986954284,
      -10315.582777960286,
      -10315.68356896629,
      -10315.784359972293,
      -10315.885150978294,
      -10315.985941984298,
      -10316.086732990301,
      -10316.187523996305,
      -10316.288315002306,
      -10316.389106008308,
      -10316.489897014311
    ],
    "y": [
      -5760.649942956382,
      -5760.653204552635,
      -5760.6564661488865,
      -5760.659727745138,
      -5760.662989341391,
      -5760.666250937644,
      -5760.6695125338965,
      -5760.672774130148,
      -5760.6760357264,
      -5760.679297322653,
      -5760.682558918906,
      -5760.685820515158,
      -5760.68908211141,
      -5760.692343707662,
      -5760.695605303914,
      -5760.698866900168,
      -5760.70212849642,
      -5760.705390092672,
      -5760.708651688924,
      -5760.711913285177,
      -5760.7151748814285,
      -5760.718436477682,
      -5760.721698073934,
      -5760.724959670186,
      -5760.728221266438,
      -5760.731482862691,
      -5760.734744458943,
      -5760.738006055195,
      -5760.741267651448,
      -5760.7445292477005,
      -5760.747790843952,
      -5760.751052440205,
      -5760.754314036458,
      -5760.75757563271,
      -5760.7608372289615,
      -5760.764098825215,
      -5760.767360421467,
      -5760.770622017719,
      -5760.7738836139715,
      -5760.777145210223,
      -5760.780406806476,
      -5760.783668402728,
      -5760.786929998981,
      -5760.790191595233,
      -5760.793453191486,
      -5760.796714787737,
      -5760.799976383991,
      -5760.803237980243,
      -5760.806499576494,
      -5760.809761172747,
      -5760.813022769,
      -5760.816284365253,
      -5760.819545961504,
      -5760.822807557756,
      -5760.826069154009,
      -5760.829330750262,
      -5760.8325923465145,
      -5760.835853942766,
      -5760.839115539018,
      -5760.842377135271
    ],
    "heading": [
      3.126954319295038,
      3.125180786314607,
      3.1234072533341757,
      3.1216337203537448,
      3.119860187373314,
      3.118086654392883,
      3.1163131214124515,
      3.1145395884320206,
      3.1127660554515897,
      3.1109925224711588,
      3.1092189894907274,
      3.1074454565102965,
      3.1056719235298655,
      3.1038983905494346,
      3.1021248575690032,
      3.1003513245885723,
      3.0985777916081414,
      3.0968042586277105,
      3.095030725647279,
      3.093257192666848,
      3.0914836596864173,
      3.0897101267059863,
      3.087936593725555,
      3.086163060745124,
      3.084389527764693,
      3.082615994784262,
      3.080842461803831,
      3.0790689288234,
      3.077295395842969,
      3.075521862862538,
      3.0737483298821067,
      3.0719747969016757,
      3.070201263921245,
      3.068427730940814,
      3.0666541979603825,
      3.0648806649799516,
      3.0631071319995207,
      3.0613335990190897,
      3.0595600660386584,
      3.0577865330582275,
      3.0560130000777965,
      3.0542394670973656,
      3.0524659341169342,
      3.0506924011365033,
      3.0489188681560724,
      3.0471453351756415,
      3.04537180219521,
      3.043598269214779,
      3.0418247362343482,
      3.0400512032539173,
      3.038277670273486,
      3.036504137293055,
      3.034730604312624,
      3.032957071332193,
      3.031183538351762,
      3.029410005371331,
      3.0276364723909,
      3.0258629394104686,
      3.0240894064300377,
      3.0223158734496067
    ]
  }
}
